STAT_DATE,ETF_TYPE,SEC_CODE,NUM,SEC_NAME,TOT_VOL
2025-02-25,单市,510010,1,治理ETF,17552.44
2025-02-25,单市,510020,2,超大ETF,4244.8
2025-02-25,单市,510030,3,价值ETF,20922.98
2025-02-25,单市,510040,4,上证180E,28048
2025-02-25,单市,510050,5,50ETF,5329236.68
2025-02-25,单市,510060,6,央企ETF,5795.92
2025-02-25,单市,510090,7,ESG建信,3158.11
2025-02-25,单市,510100,8,SZ50ETF,290341.99
2025-02-25,单市,510130,9,中盘ETF,4028.51
2025-02-25,单市,510150,10,消费ETF,339117.86
2025-02-25,单市,510160,11,产业升级,29205.74
2025-02-25,单市,510170,12,商品ETF,19291.48
2025-02-25,单市,510180,13,180ETF,586555.77
2025-02-25,单市,510190,14,上证50基,5565.08
2025-02-25,单市,510200,15,上证券商,13688.55
2025-02-25,单市,510210,16,综指ETF,689019.26
2025-02-25,单市,510230,17,金融ETF,359080.8
2025-02-25,单市,510270,18,国企ETF,2483.21
2025-02-25,单市,510290,19,380ETF,8844.89
2025-02-25,跨市,510300,20,300ETF,8794038.77
2025-02-25,跨市,510310,21,HS300ETF,6323374.4
2025-02-25,跨市,510330,22,华夏300,4089444.98
2025-02-25,跨市,510350,23,工银300,135281.47
2025-02-25,跨市,510360,24,广发300,697738.12
2025-02-25,跨市,510370,25,兴业300,13225.81
2025-02-25,跨市,510380,26,国寿300,153380.24
2025-02-25,跨市,510390,27,平安300,14015
2025-02-25,单市,510410,28,资源ETF,33025.84
2025-02-25,跨市,510500,29,500ETF,1674096.86
2025-02-25,跨市,510510,30,广发500,113503.83
2025-02-25,跨市,510530,31,工银500,5747.94
2025-02-25,跨市,510550,32,方正500,2174.33
2025-02-25,跨市,510560,33,国寿500,12831.87
2025-02-25,跨市,510570,34,兴业500,2556.06
2025-02-25,跨市,510580,35,ZZ500ETF,107816.83
2025-02-25,跨市,510590,36,平安500,11878.61
2025-02-25,单市,510600,37,沪50ETF,1511.51
2025-02-25,单市,510630,38,消费30,50436.15
2025-02-25,单市,510650,39,金融行业,1595.25
2025-02-25,单市,510660,40,医药行业,4437.97
2025-02-25,单市,510680,41,万家50,4782.47
2025-02-25,单市,510710,42,上50ETF,17811.89
2025-02-25,单市,510720,43,红利国泰,173276.6
2025-02-25,单市,510760,44,上证ETF,242050.37
2025-02-25,单市,510770,45,G60创新,3361.07
2025-02-25,单市,510800,46,上证50,45957.6
2025-02-25,单市,510810,47,上海国企,923619.37
2025-02-25,单市,510850,48,工银上50,8149.89
2025-02-25,单市,510880,49,红利ETF,764517.57
2025-02-25,跨境,510900,50,H股ETF,960602.19
2025-02-25,单市,510950,51,上证广发,9120
2025-02-25,单市,510980,52,上证综合,31479.8
2025-02-25,单市,510990,53,ESG180,5694.86
2025-02-25,单市,511010,54,国债ETF,1755.63
2025-02-25,单市,511020,55,活跃国债,1107.25
2025-02-25,单市,511030,56,公司债,105330.71
2025-02-25,单市,511060,57,5年地债,789.63
2025-02-25,单市,511070,58,沪公司债,2620.1
2025-02-25,单市,511090,59,30年国债,9879.81
2025-02-25,单市,511100,60,基准国债,391.05
2025-02-25,单市,511110,61,公司债易,3359.96
2025-02-25,单市,511130,62,国债30年,3455.17
2025-02-25,单市,511160,63,国债东财,3283.09
2025-02-25,单市,511180,64,上证转债,55215.97
2025-02-25,单市,511190,65,信用债,2986.43
2025-02-25,单市,511200,66,信用债基,2615.75
2025-02-25,单市,511220,67,城投ETF,141968.14
2025-02-25,单市,511260,68,十年国债,2072.65
2025-02-25,单市,511270,69,10年地债,1413.75
2025-02-25,单市,511360,70,短融ETF,22922.46
2025-02-25,单市,511380,71,转债ETF,335488.67
2025-02-25,单市,511520,72,政金债,36175.65
2025-02-25,单市,511580,73,国债政金,529.08
2025-02-25,跨市,512000,74,券商ETF,2310211.77
2025-02-25,跨市,512010,75,医药ETF,6277369.49
2025-02-25,跨市,512020,76,A500,419301.27
2025-02-25,跨市,512040,77,国信价值,230371.59
2025-02-25,跨市,512050,78,A500E,2119699.22
2025-02-25,跨市,512070,79,证券保险,1042347.97
2025-02-25,跨市,512080,80,A500中金,147818.61
2025-02-25,跨市,512090,81,MSCI易基,27559.23
2025-02-25,跨市,512100,82,1000ETF,2057321.76
2025-02-25,跨市,512120,83,医药50,85724.19
2025-02-25,跨市,512150,84,A50ETF,9207.34
2025-02-25,跨市,512160,85,MSCI基金,25377.78
2025-02-25,跨市,512170,86,医疗ETF,7365982.05
2025-02-25,跨市,512180,87,建信MSCI,6804.8
2025-02-25,跨市,512190,88,之江凤凰,3141.84
2025-02-25,跨市,512200,89,地产ETF,352484.79
2025-02-25,跨市,512220,90,TMTETF,22796.76
2025-02-25,跨市,512260,91,500低波,4049.77
2025-02-25,跨市,512280,92,景顺MSCI,3400.57
2025-02-25,跨市,512290,93,生物医药,412282.07
2025-02-25,跨市,512330,94,信息ETF,54568.8
2025-02-25,跨市,512360,95,MSCI国际,4533.77
2025-02-25,跨市,512380,96,MSCI中国,10280.56
2025-02-25,跨市,512390,97,MSCI低波,16868.2
2025-02-25,跨市,512400,98,有色ETF,536803.9
2025-02-25,跨市,512480,99,半导体,1944900.36
2025-02-25,跨市,512500,100,中证500,448880.88
2025-02-25,跨市,512510,101,ETF500,68842.98
2025-02-25,跨市,512520,102,MSCIETF,6605.64
2025-02-25,跨市,512530,103,300红利,13950.2
2025-02-25,跨市,512550,104,A50基金,28690.6
2025-02-25,跨市,512560,105,中证军工,131112.7
2025-02-25,跨市,512570,106,中证证券,69880.61
2025-02-25,跨市,512580,107,环保ETF,129327.17
2025-02-25,跨市,512600,108,必选消费,71065.61
2025-02-25,跨市,512640,109,金融地产,3274.09
2025-02-25,跨市,512650,110,长三角,38294.16
2025-02-25,跨市,512660,111,军工ETF,1021008
2025-02-25,跨市,512670,112,国防ETF,436765.26
2025-02-25,跨市,512680,113,军工基金,336653.01
2025-02-25,跨市,512690,114,酒ETF,2169735.02
2025-02-25,跨市,512700,115,银行基金,85658.1
2025-02-25,跨市,512710,116,军工龙头,1069165.84
2025-02-25,跨市,512720,117,计算机,90445.34
2025-02-25,跨市,512730,118,银行FUND,6808.39
2025-02-25,跨市,512750,119,基本面50,7625.49
2025-02-25,跨市,512760,120,芯片ETF,956552.28
2025-02-25,跨市,512770,121,战略新兴,15776.78
2025-02-25,跨市,512800,122,银行ETF,554834
2025-02-25,跨市,512810,123,国防军工,54979.17
2025-02-25,跨市,512820,124,银行股基,178690.19
2025-02-25,跨市,512870,125,杭州湾区,3241.06
2025-02-25,跨市,512880,126,证券ETF,2674929.15
2025-02-25,跨市,512890,127,红利低波,1290011.08
2025-02-25,跨市,512900,128,证券基金,627140.6
2025-02-25,跨市,512910,129,100ETF,31862.88
2025-02-25,跨市,512930,130,AIETF,113713.03
2025-02-25,跨市,512950,131,央企改革,444255.1
2025-02-25,跨市,512960,132,央调ETF,404325.73
2025-02-25,跨市,512970,133,湾区ETF,5898.76
2025-02-25,跨市,512980,134,传媒ETF,312742.44
2025-02-25,跨市,512990,135,MSCIA股,15701.54
2025-02-25,跨境,513000,136,225ETF,69991.14
2025-02-25,跨境,513010,137,港股科技,1101730.7
2025-02-25,跨境,513020,138,科技HK,38914.54
2025-02-25,跨境,513030,139,德国ETF,72027.9
2025-02-25,跨境,513040,140,HK互联网,25734.13
2025-02-25,跨境,513050,141,中概互联,2573343.27
2025-02-25,跨境,513060,142,恒生医疗,3389539.33
2025-02-25,跨境,513070,143,HK消费50,16576.08
2025-02-25,跨境,513080,144,法国ETF,52591.6
2025-02-25,跨境,513090,145,香港证券,468598.8
2025-02-25,跨境,513100,146,纳指ETF,949911.06
2025-02-25,跨境,513110,147,纳指100,194343.5
2025-02-25,跨境,513120,148,HK创新药,1438663.54
2025-02-25,跨境,513130,149,恒生科技,2891934.7
2025-02-25,跨境,513140,150,港股金融,4036.8
2025-02-25,跨境,513150,151,港科技50,14855.98
2025-02-25,跨境,513160,152,科技30,64618.93
2025-02-25,跨境,513170,153,恒生央企,33757.3
2025-02-25,跨境,513180,154,恒指科技,3117375.95
2025-02-25,跨境,513190,155,H股金融,33693.6
2025-02-25,跨境,513200,156,港股医药,361128.21
2025-02-25,跨境,513210,157,恒生E,3794.2
2025-02-25,跨境,513220,158,互联网30,17310.94
2025-02-25,跨境,513230,159,H股消费,21042.27
2025-02-25,跨境,513260,160,恒科技,131024.3
2025-02-25,跨境,513280,161,恒生生物,26111.45
2025-02-25,跨境,513290,162,纳指生物,122557.21
2025-02-25,跨境,513300,163,纳斯达克,299167.1
2025-02-25,跨境,513310,164,中韩芯片,35642.7
2025-02-25,跨境,513320,165,HK新经济,18801.06
2025-02-25,跨境,513330,166,恒生互联,4595348
2025-02-25,跨境,513350,167,油气ETF,28374.6
2025-02-25,跨境,513360,168,教育ETF,96421.39
2025-02-25,跨境,513380,169,科技恒生,215889.25
2025-02-25,跨境,513390,170,纳指基金,101937.91
2025-02-25,跨境,513400,171,道琼斯,168006.2
2025-02-25,跨境,513500,172,标普500,802363.86
2025-02-25,跨境,513520,173,日经ETF,75988.72
2025-02-25,跨境,513530,174,港股红利,100693.87
2025-02-25,跨境,513550,175,港股通50,259699.2
2025-02-25,跨境,513560,176,香港科技,40938.6
2025-02-25,跨境,513580,177,HS科技,216711.8
2025-02-25,跨境,513590,178,香港消费,23101.89
2025-02-25,跨境,513600,179,恒指ETF,53982.95
2025-02-25,跨境,513630,180,香港红利,658035.9
2025-02-25,跨境,513650,181,标普ETF,258673.4
2025-02-25,跨境,513660,182,恒生通,156200.01
2025-02-25,跨境,513690,183,恒生股息,387297.99
2025-02-25,跨境,513700,184,香港医药,195384.6
2025-02-25,跨境,513730,185,东南亚,194535.5
2025-02-25,跨境,513750,186,港股非银,77733.8
2025-02-25,跨境,513770,187,港股互联,332556.89
2025-02-25,跨境,513780,188,港股新药,16415.7
2025-02-25,跨境,513800,189,东证ETF,58184.44
2025-02-25,跨境,513810,190,港股国企,3299.2
2025-02-25,跨境,513820,191,XD港股分,181666.9
2025-02-25,跨境,513850,192,美国50,163589.26
2025-02-25,跨境,513860,193,HKC科技,156547.06
2025-02-25,跨境,513870,194,纳指指数,110867.1
2025-02-25,跨境,513880,195,日经225,106097
2025-02-25,跨境,513890,196,HK科技,28012.8
2025-02-25,跨境,513900,197,港股100,15897.8
2025-02-25,跨境,513910,198,红利央企,190427.6
2025-02-25,跨境,513920,199,央企40,236073.1
2025-02-25,跨境,513950,200,恒生红利,84411.9
2025-02-25,跨境,513970,201,恒生消费,48104.1
2025-02-25,跨境,513980,202,科技港股,941820.4
2025-02-25,跨境,513990,203,港股通综,7600
2025-02-25,跨市,515000,204,科技ETF,233728.97
2025-02-25,跨市,515010,205,华夏证券,84027.16
2025-02-25,跨市,515020,206,华夏银基,22934.53
2025-02-25,跨市,515030,207,新汽车,388938.4
2025-02-25,跨市,515050,208,5GETF,543706.85
2025-02-25,跨市,515060,209,华夏地产,98647.81
2025-02-25,跨市,515070,210,AI智能,350297.02
2025-02-25,跨市,515080,211,中证红利,524514.89
2025-02-25,跨市,515090,212,可持续,780.17
2025-02-25,跨市,515100,213,红利100,471494.15
2025-02-25,跨市,515110,214,国企方达,21329.5
2025-02-25,跨市,515120,215,创新药,708299.36
2025-02-25,跨市,515130,216,HS300E,27146.32
2025-02-25,跨市,515150,217,国企富国,54770.32
2025-02-25,跨市,515160,218,MSCI招商,39995.51
2025-02-25,跨市,515170,219,食品饮料,571675.79
2025-02-25,跨市,515180,220,100红利,718263.7
2025-02-25,跨市,515190,221,BOCI500,7746.61
2025-02-25,跨市,515200,222,创新100,10494.32
2025-02-25,跨市,515210,223,钢铁ETF,87672.61
2025-02-25,跨市,515220,224,煤炭ETF,318467.69
2025-02-25,跨市,515230,225,软件ETF,153369.09
2025-02-25,跨市,515250,226,智能汽车,90494.45
2025-02-25,跨市,515260,227,电子ETF,52228.42
2025-02-25,跨市,515290,228,银行,289817.29
2025-02-25,跨市,515300,229,红利300,388417.52
2025-02-25,跨市,515310,230,添富300,25511.12
2025-02-25,跨市,515320,231,电子50,22130.9
2025-02-25,跨市,515330,232,天弘300,1092570.95
2025-02-25,跨市,515350,233,民生300,2429.92
2025-02-25,跨市,515360,234,方正300,3777.93
2025-02-25,跨市,515380,235,泰康300,99909.98
2025-02-25,跨市,515390,236,HS300,66668.3
2025-02-25,跨市,515400,237,大数据,195263.14
2025-02-25,跨市,515450,238,红利50,466383.5
2025-02-25,跨市,515530,239,泰康500,2504.27
2025-02-25,跨市,515550,240,国联500,5934.57
2025-02-25,跨市,515560,241,证券E,23988.33
2025-02-25,跨市,515580,242,中证科技,52403.14
2025-02-25,跨市,515590,243,500ETFEW,3811.37
2025-02-25,跨市,515600,244,央企创新,131779.74
2025-02-25,跨市,515630,245,保险证券,21621.77
2025-02-25,跨市,515650,246,消费50,195918.4
2025-02-25,跨市,515660,247,沪深300E,97539.42
2025-02-25,跨市,515680,248,创新央企,129226.47
2025-02-25,跨市,515700,249,新能车,147151.02
2025-02-25,跨市,515710,250,食品ETF,149059.98
2025-02-25,跨市,515750,251,科技50,47714.05
2025-02-25,跨市,515760,252,浙江国资,15138.81
2025-02-25,跨市,515770,253,MSCIAETF,7272.73
2025-02-25,跨市,515780,254,浦银MSCI,578.52
2025-02-25,跨市,515790,255,光伏ETF,1303949.4
2025-02-25,跨市,515800,256,800ETF,551168.72
2025-02-25,跨市,515810,257,ZZ800ETF,25790.88
2025-02-25,跨市,515850,258,证券龙头,16129.1
2025-02-25,跨市,515860,259,科技100,15687.89
2025-02-25,跨市,515880,260,通信ETF,220546.23
2025-02-25,跨市,515890,261,红利博时,52444.39
2025-02-25,跨市,515900,262,央创ETF,248264.65
2025-02-25,跨市,515910,263,质量ETF,46450.7
2025-02-25,跨市,515920,264,智能消费,22340.57
2025-02-25,跨市,515950,265,医药龙头,78020.06
2025-02-25,跨市,515960,266,医药100,32099.19
2025-02-25,跨市,515980,267,人工智能,219506.45
2025-02-25,跨市,515990,268,添富国企,8035.02
2025-02-25,跨市,516000,269,数据ETF,44485.5
2025-02-25,跨市,516010,270,游戏ETF,97069.3
2025-02-25,跨市,516020,271,化工ETF,67482.62
2025-02-25,跨市,516050,272,科技龙头,59922.8
2025-02-25,跨市,516060,273,新药ETF,24423.74
2025-02-25,跨市,516070,274,碳中和50,60264.6
2025-02-25,跨市,516080,275,创新医药,72355.48
2025-02-25,跨市,516090,276,新能源E,180984.48
2025-02-25,跨市,516100,277,科技金融,21375.97
2025-02-25,跨市,516110,278,汽车ETF,54762.31
2025-02-25,跨市,516120,279,化工50,27708.2
2025-02-25,跨市,516130,280,消费龙头,12889
2025-02-25,跨市,516150,281,稀土基金,150007.7
2025-02-25,跨市,516160,282,新能源,246214.2
2025-02-25,跨市,516180,283,光伏产业,10498.7
2025-02-25,跨市,516190,284,文娱ETF,1911.85
2025-02-25,跨市,516200,285,证券行业,37860.4
2025-02-25,跨市,516210,286,银行股,9793.1
2025-02-25,跨市,516220,287,化工龙头,18717
2025-02-25,跨市,516260,288,物联网50,11788.26
2025-02-25,跨市,516270,289,新能源50,45890.9
2025-02-25,跨市,516290,290,光伏基金,49719.69
2025-02-25,跨市,516300,291,中证1000,5501.26
2025-02-25,跨市,516310,292,银行指基,97015.85
2025-02-25,跨市,516320,293,装备ETF,11458.93
2025-02-25,跨市,516330,294,物联网,4567.13
2025-02-25,跨市,516350,295,芯片50,109441.53
2025-02-25,跨市,516360,296,新材料,9055.18
2025-02-25,跨市,516380,297,智能电车,12844.93
2025-02-25,跨市,516390,298,电动车,53826.1
2025-02-25,跨市,516480,299,新材料基,1914.61
2025-02-25,跨市,516500,300,生物ETF,18993.72
2025-02-25,跨市,516510,301,云计算,247989
2025-02-25,跨市,516520,302,智能驾驶,32976.55
2025-02-25,跨市,516530,303,物流快递,8080.23
2025-02-25,跨市,516550,304,农业ETF,37541.44
2025-02-25,跨市,516560,305,养老ETF,14175.8
2025-02-25,跨市,516570,306,石化ETF,8035.76
2025-02-25,跨市,516580,307,新能源BS,22912.41
2025-02-25,跨市,516590,308,电动汽车,9901.5
2025-02-25,跨市,516600,309,消服ETF,15533.21
2025-02-25,跨市,516610,310,医服ETF,17497.48
2025-02-25,跨市,516620,311,影视ETF,6026.75
2025-02-25,跨市,516630,312,云计算50,66815.6
2025-02-25,跨市,516640,313,芯片龙头,153248.28
2025-02-25,跨市,516650,314,有色50,9746.48
2025-02-25,跨市,516660,315,新能汽车,45368.9
2025-02-25,跨市,516670,316,畜牧养殖,107426.63
2025-02-25,跨市,516700,317,数据产业,10012.2
2025-02-25,跨市,516710,318,新材料50,9227.2
2025-02-25,跨市,516720,319,ESGETF,2883.78
2025-02-25,跨市,516730,320,证券公司,8988.08
2025-02-25,跨市,516750,321,建材ETF,9916.73
2025-02-25,跨市,516760,322,养殖ETF,25321.51
2025-02-25,跨市,516770,323,游戏动漫,8864.8
2025-02-25,跨市,516780,324,稀土ETF,72554.98
2025-02-25,跨市,516790,325,保健ETF,20738.22
2025-02-25,跨市,516800,326,智能制造,14515.4
2025-02-25,跨市,516810,327,农业,24547.89
2025-02-25,跨市,516820,328,医疗创新,516041.52
2025-02-25,跨市,516830,329,300ESG,19467.69
2025-02-25,跨市,516850,330,新能源80,16923.7
2025-02-25,跨市,516860,331,金融科技,67952.2
2025-02-25,跨市,516880,332,光伏50,121994.41
2025-02-25,跨市,516890,333,新材ETF,4731.14
2025-02-25,跨市,516900,334,食品50,6272.9
2025-02-25,跨市,516910,335,物流ETF,5614.18
2025-02-25,跨市,516920,336,芯片基金,62196.3
2025-02-25,跨市,516930,337,生科ETF,7613.96
2025-02-25,跨市,516950,338,基建ETF,59982.1
2025-02-25,跨市,516960,339,机械ETF,2405.11
2025-02-25,跨市,516970,340,基建50,245604.25
2025-02-25,跨市,516980,341,证券先锋,3251.6
2025-02-25,其他,517000,342,沪港深,44279.3
2025-02-25,其他,517010,343,HGS500E,7214.42
2025-02-25,其他,517030,344,HGS300,6904.03
2025-02-25,其他,517050,345,互联网50,54760.5
2025-02-25,其他,517080,346,HGS500,49316.6
2025-02-25,其他,517090,347,共赢ETF,35507.5
2025-02-25,其他,517100,348,AH500ETF,35060.21
2025-02-25,其他,517110,349,创新药HK,49609.85
2025-02-25,其他,517120,350,创新药50,61696.64
2025-02-25,其他,517160,351,长江ETF,184477.75
2025-02-25,其他,517170,352,沪港深E,5113.18
2025-02-25,其他,517180,353,中国国企,80349.63
2025-02-25,其他,517200,354,互联网,18078.2
2025-02-25,其他,517300,355,AH300ETF,335143.45
2025-02-25,其他,517330,356,长江保护,183216.9
2025-02-25,其他,517350,357,中概科技,12254.2
2025-02-25,其他,517360,358,AH科技,5958.3
2025-02-25,其他,517380,359,创新药AH,42232.63
2025-02-25,其他,517390,360,云计算AH,27111.26
2025-02-25,其他,517400,361,黄金股票,32379.2
2025-02-25,其他,517520,362,黄金股,184040.4
2025-02-25,其他,517550,363,消费主题,4891.74
2025-02-25,其他,517660,364,物联网AH,4468.07
2025-02-25,其他,517770,365,游戏传媒,2894.78
2025-02-25,其他,517800,366,AI50,32053.97
2025-02-25,其他,517850,367,张江ETF,7018.52
2025-02-25,其他,517880,368,品牌消费,4533.71
2025-02-25,其他,517900,369,银行优选,8299.35
2025-02-25,其他,517990,370,医药基金,4998.79
2025-02-25,单市,518600,371,上海金,14089.36
2025-02-25,单市,518660,372,工银黄金,23565.27
2025-02-25,单市,518680,373,金ETF,15225.8
2025-02-25,单市,518800,374,黄金基金,161471.99
2025-02-25,单市,518850,375,黄金9999,33457.87
2025-02-25,单市,518860,376,上海金E,14625.98
2025-02-25,单市,518880,377,黄金ETF,537964.08
2025-02-25,单市,518890,378,中银黄金,14545.48
2025-02-25,跨境,520500,379,恒生新药,12230.5
2025-02-25,跨境,520520,380,HK消费,6460.6
2025-02-25,跨境,520550,381,红利恒生,17352.4
2025-02-25,跨境,520580,382,新兴亚洲,84998.39
2025-02-25,跨境,520600,383,汽车港股,46936.8
2025-02-25,跨境,520660,384,港红利NF,121248.55
2025-02-25,跨境,520700,385,创新药WJ,10207.6
2025-02-25,跨境,520830,386,沙特ETF,51611.9
2025-02-25,跨境,520890,387,港红利,6200.8
2025-02-25,跨境,520900,388,红利香港,303067.5
2025-02-25,跨境,520990,389,国新红利,521947.05
2025-02-25,单市,530000,390,50ETF基,161002.94
2025-02-25,单市,530050,391,SH50ETF,19681.3
2025-02-25,单市,530080,392,180指基,9291.7
2025-02-25,单市,530180,393,上证180,25795.2
2025-02-25,单市,530280,394,180ETF指,1943.4
2025-02-25,单市,530300,395,180指数,16164.3
2025-02-25,单市,530580,396,180基金,68914.9
2025-02-25,单市,530680,397,180E,64089.19
2025-02-25,单市,530800,398,上180ETF,8420.18
2025-02-25,单市,530880,399,上证红利,15833.6
2025-02-25,跨市,560000,400,智慧电车,1502.29
2025-02-25,跨市,560010,401,1000基金,976862.17
2025-02-25,跨市,560020,402,红利添富,6656.2
2025-02-25,跨市,560030,403,800价值,3243.2
2025-02-25,跨市,560050,404,MSCIA50,621393.44
2025-02-25,跨市,560060,405,碳中和基,33009
2025-02-25,跨市,560070,406,央企分红,33246.23
2025-02-25,跨市,560080,407,中药ETF,193176.5
2025-02-25,跨市,560090,408,证券指数,150136.5
2025-02-25,跨市,560100,409,增强ETF,10458.03
2025-02-25,跨市,560110,410,ZZ1000,26890.35
2025-02-25,跨市,560150,411,红利TK,75727.93
2025-02-25,跨市,560170,412,央企科技,147649.55
2025-02-25,跨市,560180,413,ESG300,3310.3
2025-02-25,跨市,560190,414,公用事业,11183.4
2025-02-25,跨市,560220,415,2000基金,4871.7
2025-02-25,跨市,560260,416,医疗50,200766.47
2025-02-25,跨市,560280,417,工程机械,9175.2
2025-02-25,跨市,560300,418,电信50,4980.34
2025-02-25,跨市,560330,419,300价值E,23713
2025-02-25,跨市,560350,420,A50指数,324353.21
2025-02-25,跨市,560360,421,软件指数,11634.5
2025-02-25,跨市,560380,422,A100,21086.1
2025-02-25,跨市,560500,423,500质量,64333.9
2025-02-25,跨市,560510,424,中证A500,798502.69
2025-02-25,跨市,560520,425,红利大成,575.1
2025-02-25,跨市,560530,426,A500ETF,1081962.37
2025-02-25,跨市,560550,427,碳中和,59959.74
2025-02-25,跨市,560560,428,碳中和TK,12919.01
2025-02-25,跨市,560580,429,电力指基,3500.3
2025-02-25,跨市,560590,430,1000鹏华,1671
2025-02-25,跨市,560610,431,A500指数,1268898.84
2025-02-25,跨市,560620,432,公用WJ,8786.7
2025-02-25,跨市,560650,433,核心50,1391.92
2025-02-25,跨市,560660,434,云50ETF,6196.9
2025-02-25,跨市,560680,435,龙头消费,16872.56
2025-02-25,跨市,560690,436,电信主题,2638.9
2025-02-25,跨市,560700,437,央红利50,102603.69
2025-02-25,跨市,560750,438,A500申万,22555.48
2025-02-25,跨市,560780,439,半导设备,16449.6
2025-02-25,跨市,560800,440,数字ETF,93595.11
2025-02-25,跨市,560810,441,央企ESG,54611.6
2025-02-25,跨市,560850,442,信创50,21616.4
2025-02-25,跨市,560860,443,工业有色,55323.3
2025-02-25,跨市,560880,444,家电基金,32123.2
2025-02-25,跨市,560890,445,红利DB,9998.12
2025-02-25,跨市,560900,446,创新药企,4696.91
2025-02-25,跨市,560950,447,500增,4348.3
2025-02-25,跨市,560960,448,碳60ETF,3259.89
2025-02-25,跨市,560980,449,光伏30,32102.2
2025-02-25,跨市,560990,450,科技先锋,3518.71
2025-02-25,跨市,561000,451,300指增,12992
2025-02-25,跨市,561010,452,软件开发,9835.6
2025-02-25,跨市,561060,453,红利国企,5506.5
2025-02-25,跨市,561100,454,电子龙头,52674.69
2025-02-25,跨市,561120,455,家电ETF,9115.99
2025-02-25,跨市,561130,456,国货ETF,21393.52
2025-02-25,跨市,561160,457,锂电池,124283.5
2025-02-25,跨市,561170,458,绿电50,10653.27
2025-02-25,跨市,561180,459,A100ETF,12560.96
2025-02-25,跨市,561190,460,双碳ETF,92631.8
2025-02-25,跨市,561200,461,A100基金,4147.05
2025-02-25,跨市,561230,462,A50,214847.78
2025-02-25,跨市,561260,463,能源ETF,7929.52
2025-02-25,跨市,561280,464,增强1000,3984.77
2025-02-25,跨市,561300,465,300增ETF,238996.5
2025-02-25,跨市,561310,466,消电ETF,9091.66
2025-02-25,跨市,561320,467,交运ETF,7736.9
2025-02-25,跨市,561330,468,矿业ETF,5369.61
2025-02-25,跨市,561350,469,国泰500,12170
2025-02-25,跨市,561360,470,石油ETF,9014.8
2025-02-25,跨市,561370,471,2000ETF,1435.6
2025-02-25,跨市,561380,472,电网ETF,9041.36
2025-02-25,跨市,561500,473,漂亮50,10860.03
2025-02-25,跨市,561510,474,中医药,9020.6
2025-02-25,跨市,561550,475,500指增,78148.96
2025-02-25,跨市,561560,476,电力ETF,43612.42
2025-02-25,跨市,561570,477,油气基金,814.7
2025-02-25,跨市,561580,478,央企红利,50237.07
2025-02-25,跨市,561590,479,1000增强,3649.96
2025-02-25,跨市,561600,480,消费电子,18627.4
2025-02-25,跨市,561700,481,电力基金,13031.36
2025-02-25,跨市,561760,482,油气博时,2569.5
2025-02-25,跨市,561780,483,1000指增,1295.58
2025-02-25,跨市,561790,484,现代能源,4793.4
2025-02-25,跨市,561800,485,稀金属,15307.72
2025-02-25,跨市,561880,486,A100指数,30038.9
2025-02-25,跨市,561900,487,沪深ESG,6233.44
2025-02-25,跨市,561910,488,电池ETF,110507.66
2025-02-25,跨市,561920,489,疫苗龙头,3169.2
2025-02-25,跨市,561930,490,招商300,66126.06
2025-02-25,跨市,561950,491,500增强A,6765.6
2025-02-25,跨市,561960,492,央企回报,10198.52
2025-02-25,跨市,561980,493,芯片设备,63011
2025-02-25,跨市,561990,494,300增强,95264.92
2025-02-25,跨市,562000,495,中证A100,315236.89
2025-02-25,跨市,562010,496,绿色能源,2429.87
2025-02-25,跨市,562030,497,信创基金,5748.69
2025-02-25,跨市,562060,498,标普红利,143539.63
2025-02-25,跨市,562260,499,汽配ETF,1133.15
2025-02-25,跨市,562300,500,低碳ETF,11849.5
2025-02-25,跨市,562310,501,300成长,126257.23
2025-02-25,跨市,562320,502,300价值A,17829.55
2025-02-25,跨市,562330,503,500价值,1801.89
2025-02-25,跨市,562340,504,500成长,2014.43
2025-02-25,跨市,562350,505,电力,4441.09
2025-02-25,跨市,562360,506,机器人YH,32547.4
2025-02-25,跨市,562380,507,科技引领,28612.89
2025-02-25,跨市,562390,508,中药,7042.9
2025-02-25,跨市,562500,509,机器人,952918.73
2025-02-25,跨市,562510,510,旅游ETF,103659.5
2025-02-25,跨市,562520,511,1000成长,5256.8
2025-02-25,跨市,562530,512,1000价值,5414.4
2025-02-25,跨市,562550,513,绿电ETF,9241.93
2025-02-25,跨市,562560,514,信息技术,2726.55
2025-02-25,跨市,562570,515,信创ETF,29328.1
2025-02-25,跨市,562580,516,可选消费,2572.33
2025-02-25,跨市,562590,517,半导材料,31366.3
2025-02-25,跨市,562600,518,医疗器械,7293.74
2025-02-25,跨市,562660,519,ZZ2000,13087.4
2025-02-25,跨市,562700,520,汽车零件,2675
2025-02-25,跨市,562800,521,稀有金属,194399.5
2025-02-25,跨市,562820,522,集成电路,4013.6
2025-02-25,跨市,562850,523,央企能源,13898.15
2025-02-25,跨市,562860,524,生物疫苗,46689.5
2025-02-25,跨市,562880,525,电池基金,64939.96
2025-02-25,跨市,562890,526,A50中证,39205.1
2025-02-25,跨市,562900,527,现代农业,12070.63
2025-02-25,跨市,562910,528,高端制造,16122.73
2025-02-25,跨市,562920,529,信息安全,6506.9
2025-02-25,跨市,562930,530,软件30,16643.7
2025-02-25,跨市,562950,531,消电50,29225.83
2025-02-25,跨市,562960,532,绿色电力,6689.1
2025-02-25,跨市,562970,533,光伏E,16344.8
2025-02-25,跨市,562990,534,碳中和E,152675.6
2025-02-25,跨市,563000,535,中国A50,536345.11
2025-02-25,跨市,563010,536,电信ETF,11918.93
2025-02-25,跨市,563020,537,低波红利,100291
2025-02-25,跨市,563030,538,增强500,15866.9
2025-02-25,跨市,563050,539,科技央企,33120.84
2025-02-25,跨市,563080,540,中证A50E,444458.84
2025-02-25,跨市,563090,541,上50增强,6284.8
2025-02-25,跨市,563150,542,油气资源,3139.9
2025-02-25,跨市,563180,543,高股息,31442
2025-02-25,跨市,563200,544,2000指数,2145.88
2025-02-25,跨市,563210,545,专精特新,3656.7
2025-02-25,跨市,563220,546,A500富国,1979901.37
2025-02-25,跨市,563280,547,A50增强,1120.66
2025-02-25,跨市,563300,548,中证2000,272867.4
2025-02-25,跨市,563330,549,A股ETF,3726.06
2025-02-25,跨市,563350,550,中证A50,94999.76
2025-02-25,跨市,563360,551,A500基金,1658898.74
2025-02-25,跨市,563500,552,A500华宝,201197.94
2025-02-25,跨市,563520,553,300永赢,149806.5
2025-02-25,跨市,563800,554,A500龙头,2163197.81
2025-02-25,跨市,563860,555,A500海富,95384.43
2025-02-25,跨市,563880,556,A500添富,935899.64
2025-02-25,单市,588000,557,科创50,7217816.82
2025-02-25,单市,588010,558,科创材料,53542.58
2025-02-25,单市,588020,559,科创50E,22579.1
2025-02-25,单市,588030,560,科创指基,700783.81
2025-02-25,单市,588050,561,科创ETF,1177524.13
2025-02-25,单市,588060,562,上证科创,836514
2025-02-25,单市,588070,563,科创万家,4443.7
2025-02-25,单市,588080,564,科创板50,5362362.81
2025-02-25,单市,588090,565,科创板,418267.28
2025-02-25,单市,588100,566,科创信息,22824.87
2025-02-25,单市,588110,567,科创成长,16375.8
2025-02-25,单市,588120,568,科100ETF,118281.1
2025-02-25,单市,588150,569,科创龙头,40043.26
2025-02-25,单市,588160,570,科创新材,25599.6
2025-02-25,单市,588180,571,科创50基,485085.37
2025-02-25,单市,588190,572,科创100,440861.83
2025-02-25,单市,588200,573,科创芯片,1230089.48
2025-02-25,单市,588210,574,科创100E,29325.4
2025-02-25,单市,588220,575,科创100F,589569.79
2025-02-25,单市,588230,576,科创200,26993.9
2025-02-25,单市,588240,577,N科200,26363.3
2025-02-25,单市,588260,578,科创技术,10374.6
2025-02-25,单市,588280,579,科创五零,58012.1
2025-02-25,单市,588290,580,芯片科创,148639.7
2025-02-25,跨市,588300,581,双创ETF,302221.05
2025-02-25,跨市,588310,582,双创基金,12423.75
2025-02-25,跨市,588320,583,双创增强,2982.46
2025-02-25,跨市,588330,584,双创龙头,202773.78
2025-02-25,跨市,588350,585,双创,172854.6
2025-02-25,跨市,588360,586,创创ETF,74268.18
2025-02-25,跨市,588370,587,科创策略,13077.2
2025-02-25,跨市,588380,588,创50ETF,416077
2025-02-25,跨市,588390,589,科创创业,40493.59
2025-02-25,跨市,588400,590,双创50,311460.06
2025-02-25,跨市,588450,591,科创50增,8156.87
2025-02-25,跨市,588460,592,科创增强,47701.4
2025-02-25,跨市,588500,593,科创100Z,10864.7
2025-02-25,跨市,588680,594,科100增,3236.1
2025-02-25,单市,588700,595,科创生物,37033.62
2025-02-25,单市,588730,596,科创AI,17739.63
2025-02-25,单市,588750,597,科创芯50,105422.8
2025-02-25,单市,588760,598,AI科创,91653.2
2025-02-25,单市,588780,599,芯片设计,7395.1
2025-02-25,单市,588790,600,科创智能,95919.2
2025-02-25,单市,588800,601,科创100C,395237.7
2025-02-25,单市,588810,602,科创板芯,7232.4
2025-02-25,单市,588820,603,科创200E,2840
2025-02-25,单市,588830,604,科创新能,36684.79
2025-02-25,单市,588860,605,科创医药,43644.47
2025-02-25,单市,588870,606,科创50指,9255.2
2025-02-25,单市,588880,607,科创指数,30036.8
2025-02-25,单市,588890,608,科创芯,21881
2025-02-25,单市,588900,609,科创100N,30478.3
2025-02-25,单市,588930,610,科创板AI,33732.9
2025-02-25,单市,588950,611,景顺科创,19172.97
2025-02-25,单市,588960,612,新能科创,9057.98
2025-02-25,单市,588990,613,科芯片,12374.54
