open_time,open,high,low,close,volume,close_time,quote_asset_volume
2025-11-07,0.08081,0.09053,0.07848,0.08807,19382603.0,2025-11-07 23:59:59.999,1628969.01048
2025-11-08,0.08807,0.09149,0.07918,0.08028,23110049.0,2025-11-08 23:59:59.999,1959620.70846
2025-11-09,0.08028,0.08199,0.07385,0.07571,17483868.0,2025-11-09 23:59:59.999,1349795.84238
2025-11-10,0.07581,0.07874,0.07263,0.07461,19738375.0,2025-11-10 23:59:59.999,1485626.86707
2025-11-11,0.07462,0.07771,0.06957,0.0701,24722225.0,2025-11-11 23:59:59.999,1844247.66824
2025-11-12,0.06996,0.07417,0.06945,0.07137,18270856.0,2025-11-12 23:59:59.999,1304561.12522
2025-11-13,0.07142,0.07529,0.06753,0.07054,30288239.0,2025-11-13 23:59:59.999,2186198.75159
2025-11-14,0.07053,0.07391,0.06828,0.06929,11962957.0,2025-11-14 23:59:59.999,857700.63221
2025-11-15,0.06931,0.07144,0.06792,0.06833,6255765.0,2025-11-15 23:59:59.999,433861.16655
2025-11-16,0.06838,0.06993,0.06493,0.06643,7778995.0,2025-11-16 23:59:59.999,524425.17826
2025-11-17,0.06643,0.06763,0.06328,0.0664,11442636.0,2025-11-17 23:59:59.999,753261.7545
2025-11-18,0.06653,0.06819,0.0634,0.0635,17280760.0,2025-11-18 23:59:59.999,1135917.88316
2025-11-19,0.0635,0.06382,0.0597,0.06205,11201912.0,2025-11-19 23:59:59.999,685318.6349
2025-11-20,0.06208,0.06449,0.05792,0.06023,15712820.0,2025-11-20 23:59:59.999,970881.57498
2025-11-21,0.06023,0.06149,0.05502,0.05829,12342264.0,2025-11-21 23:59:59.999,716751.47794
2025-11-22,0.05826,0.06007,0.05656,0.05816,8052834.0,2025-11-22 23:59:59.999,469619.89547
2025-11-23,0.05814,0.05977,0.05754,0.05787,5812383.0,2025-11-23 23:59:59.999,340788.5322
2025-11-24,0.05789,0.06126,0.05765,0.06045,7892631.0,2025-11-24 23:59:59.999,466424.34452
2025-11-25,0.06049,0.06065,0.05814,0.05887,5089631.0,2025-11-25 23:59:59.999,300743.60844
2025-11-26,0.0589,0.06105,0.05633,0.05708,12155678.0,2025-11-26 23:59:59.999,707638.20309
2025-11-27,0.05711,0.05888,0.05655,0.0571,6672101.0,2025-11-27 23:59:59.999,385845.37593
2025-11-28,0.05716,0.05766,0.05512,0.05654,6775077.0,2025-11-28 23:59:59.999,382240.39492
2025-11-29,0.05662,0.06167,0.05601,0.06049,13543175.0,2025-11-29 23:59:59.999,800576.44748
2025-11-30,0.06047,0.0617,0.05902,0.05945,14298215.0,2025-11-30 23:59:59.999,859302.63801
2025-12-01,0.05945,0.06415,0.0577,0.05954,20136788.0,2025-12-01 23:59:59.999,1225163.20393
2025-12-02,0.05944,0.06005,0.05376,0.05492,18295648.0,2025-12-02 23:59:59.999,1048640.06712
2025-12-03,0.05492,0.0556,0.05006,0.05481,42801443.0,2025-12-03 23:59:59.999,2272879.639
2025-12-04,0.05486,0.0574,0.05211,0.05307,11471300.0,2025-12-04 23:59:59.999,629534.93474
2025-12-05,0.05304,0.05562,0.05157,0.05279,15338885.0,2025-12-05 23:59:59.999,815533.69716
2025-12-06,0.05271,0.05423,0.05197,0.05371,12299162.0,2025-12-06 23:59:59.999,652946.8231
2025-12-07,0.05362,0.05382,0.0508,0.05125,7239925.0,2025-12-07 23:59:59.999,377330.98475
2025-12-08,0.05128,0.05235,0.0502,0.05046,7333623.0,2025-12-08 23:59:59.999,376432.47432
2025-12-09,0.05046,0.05342,0.04898,0.05152,18643331.0,2025-12-09 23:59:59.999,953029.66028
2025-12-10,0.05149,0.05207,0.0481,0.04842,8398142.0,2025-12-10 23:59:59.999,424344.18526
2025-12-11,0.04846,0.05028,0.04763,0.04991,12875318.0,2025-12-11 23:59:59.999,628973.12329
2025-12-12,0.04995,0.0512,0.04877,0.05049,18407618.0,2025-12-12 23:59:59.999,918012.39376
2025-12-13,0.05048,0.0786,0.05048,0.07755,452606408.0,2025-12-13 23:59:59.999,29305302.50787
2025-12-14,0.07755,0.07842,0.05977,0.06182,390629026.0,2025-12-14 23:59:59.999,25837884.30431
2025-12-15,0.06182,0.0717,0.06012,0.06239,72410192.0,2025-12-15 23:59:59.999,4761117.34876
2025-12-16,0.0624,0.06314,0.0558,0.05752,24475817.0,2025-12-16 23:59:59.999,1413066.88399
2025-12-17,0.05752,0.07095,0.05705,0.06778,209300564.0,2025-12-17 23:59:59.999,14126364.66532
2025-12-18,0.06772,0.06957,0.06207,0.06325,51768028.0,2025-12-18 23:59:59.999,3404630.84464
2025-12-19,0.06325,0.06344,0.06057,0.06176,11968065.0,2025-12-19 23:59:59.999,742328.50385
2025-12-20,0.06175,0.06243,0.05854,0.06018,12333427.0,2025-12-20 23:59:59.999,744246.09565
2025-12-21,0.06018,0.06605,0.05892,0.05932,17375713.0,2025-12-21 23:59:59.999,1081320.88174
2025-12-22,0.05932,0.0619,0.05895,0.06016,5646306.0,2025-12-22 23:59:59.999,341751.46143
2025-12-23,0.06012,0.06237,0.05894,0.06064,7991889.0,2025-12-23 23:59:59.999,483277.89568
2025-12-24,0.06068,0.06261,0.05991,0.06209,7336083.0,2025-12-24 23:59:59.999,448781.45229
2025-12-25,0.06195,0.06424,0.06137,0.06166,5338346.0,2025-12-25 23:59:59.999,334372.88666
2025-12-26,0.06166,0.06331,0.06111,0.06229,4492478.0,2025-12-26 23:59:59.999,279853.01117
2025-12-27,0.06225,0.06362,0.06063,0.06315,6063380.0,2025-12-27 23:59:59.999,378126.50612
2025-12-28,0.06313,0.07478,0.0582,0.05874,87875636.0,2025-12-28 23:59:59.999,5780855.84343
2025-12-29,0.0588,0.06371,0.05788,0.06098,19063092.0,2025-12-29 23:59:59.999,1154893.87524
2025-12-30,0.06097,0.0615,0.05986,0.06098,6994362.0,2025-12-30 23:59:59.999,424209.62505
2025-12-31,0.061,0.06172,0.05822,0.06068,9160190.0,2025-12-31 23:59:59.999,553764.09288
2026-01-01,0.06068,0.06215,0.06025,0.06203,7944777.0,2026-01-01 23:59:59.999,485853.59184
2026-01-02,0.06204,0.07063,0.06158,0.06557,27736315.0,2026-01-02 23:59:59.999,1820512.30547
2026-01-03,0.06561,0.06592,0.06241,0.06267,10234961.0,2026-01-03 23:59:59.999,652546.32672
2026-01-04,0.06269,0.06351,0.06057,0.0615,9734486.0,2026-01-04 23:59:59.999,601732.83058
2026-01-05,0.06148,0.06292,0.05975,0.06103,8458906.0,2026-01-05 23:59:59.999,516617.64306
2026-01-06,0.06107,0.06151,0.0562,0.05886,16585547.0,2026-01-06 23:59:59.999,968057.68479
2026-01-07,0.05885,0.05895,0.05513,0.05545,8314541.0,2026-01-07 23:59:59.999,471904.0444
2026-01-08,0.05549,0.05611,0.05262,0.05365,7596735.0,2026-01-08 23:59:59.999,411581.50485
2026-01-09,0.05365,0.05411,0.05238,0.05276,5465979.0,2026-01-09 23:59:59.999,289988.63853
2026-01-10,0.05275,0.05522,0.05268,0.05316,7855903.0,2026-01-10 23:59:59.999,422261.85999
2026-01-11,0.05315,0.054,0.0514,0.05265,7909346.0,2026-01-11 23:59:59.999,418708.61796
2026-01-12,0.05269,0.05415,0.05214,0.05311,9095155.0,2026-01-12 23:59:59.999,482684.67865
2026-01-13,0.05307,0.05603,0.05283,0.05587,10127756.0,2026-01-13 23:59:59.999,553548.25231
2026-01-14,0.05585,0.05722,0.05518,0.05581,8372305.0,2026-01-14 23:59:59.999,469517.70085
2026-01-15,0.05581,0.05618,0.05306,0.05354,5149424.0,2026-01-15 23:59:59.999,282979.38827
2026-01-16,0.05355,0.0545,0.05295,0.05436,5455463.0,2026-01-16 23:59:59.999,293376.68847
2026-01-17,0.05436,0.05698,0.05376,0.05464,12362455.0,2026-01-17 23:59:59.999,685936.9444
2026-01-18,0.05463,0.05514,0.05275,0.05343,4402817.0,2026-01-18 23:59:59.999,238565.5706
2026-01-19,0.05347,0.05347,0.04929,0.04952,11339046.0,2026-01-19 23:59:59.999,575168.98729
2026-01-20,0.04952,0.04965,0.0464,0.04661,15313910.0,2026-01-20 23:59:59.999,738606.46902
2026-01-21,0.0466,0.04878,0.0466,0.04813,5697695.0,2026-01-21 23:59:59.999,272069.86105
2026-01-22,0.04817,0.05265,0.04782,0.05075,17530019.0,2026-01-22 23:59:59.999,885055.79808
2026-01-23,0.05073,0.05471,0.05057,0.05322,8353705.0,2026-01-23 23:59:59.999,441341.14847
2026-01-24,0.05328,0.05677,0.05287,0.05625,6070143.0,2026-01-24 23:59:59.999,333508.15089
2026-01-25,0.05632,0.06256,0.05512,0.05648,23898681.0,2026-01-25 23:59:59.999,1406099.77149
2026-01-26,0.05646,0.06402,0.05621,0.06166,17146882.0,2026-01-26 23:59:59.999,1052318.03352
2026-01-27,0.06162,0.06843,0.06096,0.0666,41236100.0,2026-01-27 23:59:59.999,2698086.17083
2026-01-28,0.0666,0.07607,0.0658,0.0686,52080500.0,2026-01-28 23:59:59.999,3673619.92514
2026-01-29,0.06866,0.06964,0.0623,0.064,15240214.0,2026-01-29 23:59:59.999,1000739.13123
2026-01-30,0.06391,0.06415,0.05826,0.06004,19834512.0,2026-01-30 23:59:59.999,1204799.82493
2026-01-31,0.06005,0.0615,0.05367,0.05722,10026523.0,2026-01-31 23:59:59.999,585923.89459
2026-02-01,0.05722,0.0577,0.05517,0.05634,8182308.0,2026-02-01 23:59:59.999,464096.58366
2026-02-02,0.05623,0.05864,0.05436,0.05847,10538525.0,2026-02-02 23:59:59.999,595753.77507
2026-02-03,0.05841,0.05935,0.05363,0.05716,11619201.0,2026-02-03 23:59:59.999,665251.22573
2026-02-04,0.05716,0.05863,0.05462,0.0562,7421652.0,2026-02-04 23:59:59.999,419704.30835
2026-02-05,0.05618,0.05692,0.04898,0.04922,14857246.0,2026-02-05 23:59:59.999,779648.03738
2026-02-06,0.04935,0.05769,0.04691,0.05627,16269041.0,2026-02-06 23:59:59.999,853091.29609
2026-02-07,0.05632,0.05718,0.0543,0.05635,5825386.0,2026-02-07 23:59:59.999,324866.35296
2026-02-08,0.05637,0.0617,0.05547,0.0599,11490333.0,2026-02-08 23:59:59.999,674444.0367
2026-02-09,0.05987,0.06241,0.05816,0.06044,7160243.0,2026-02-09 23:59:59.999,430565.36473
2026-02-10,0.06054,0.06176,0.05906,0.06127,6202360.0,2026-02-10 23:59:59.999,376147.7336
2026-02-11,0.06127,0.06134,0.05651,0.05883,9372809.0,2026-02-11 23:59:59.999,549345.02123
2026-02-12,0.05881,0.06282,0.05651,0.05808,15267300.0,2026-02-12 23:59:59.999,909053.23175
2026-02-13,0.05811,0.06341,0.05707,0.06211,6030760.0,2026-02-13 23:59:59.999,366563.56091
2026-02-14,0.06209,0.06305,0.0584,0.05987,9148708.0,2026-02-14 23:59:59.999,548750.20561
2026-02-15,0.0599,0.0605,0.05478,0.05567,4997221.0,2026-02-15 23:59:59.999,290527.63872
2026-02-16,0.05567,0.05912,0.0538,0.05817,16115613.0,2026-02-16 23:59:59.999,893536.18753
2026-02-17,0.05815,0.05913,0.05309,0.0535,9231878.0,2026-02-17 23:59:59.999,518741.52538
2026-02-18,0.0535,0.05431,0.05046,0.0508,15171543.0,2026-02-18 23:59:59.999,788264.70384
2026-02-19,0.0508,0.05135,0.04958,0.05034,5416496.0,2026-02-19 23:59:59.999,272975.35992
2026-02-20,0.05034,0.05189,0.05001,0.05166,2956285.0,2026-02-20 23:59:59.999,150258.85476
2026-02-21,0.05166,0.05273,0.05006,0.05037,4751253.0,2026-02-21 23:59:59.999,245123.13472
2026-02-22,0.05033,0.0538,0.05019,0.05142,6327406.0,2026-02-22 23:59:59.999,328279.92547
2026-02-23,0.05143,0.05404,0.05026,0.051,9384951.0,2026-02-23 23:59:59.999,485762.46056
2026-02-24,0.05109,0.05758,0.05007,0.05522,16191038.0,2026-02-24 23:59:59.999,872955.33412
2026-02-25,0.05522,0.05913,0.05464,0.05836,8207916.0,2026-02-25 23:59:59.999,470538.88447
2026-02-26,0.05831,0.05918,0.05506,0.05656,8535264.0,2026-02-26 23:59:59.999,488457.77647
2026-02-27,0.05658,0.05667,0.05131,0.05195,12471897.0,2026-02-27 23:59:59.999,666106.33743
2026-02-28,0.05195,0.05864,0.051,0.05707,26802354.0,2026-02-28 23:59:59.999,1442598.11899
2026-03-01,0.05707,0.05765,0.05275,0.05375,8922829.0,2026-03-01 23:59:59.999,494786.74961
2026-03-02,0.05368,0.05662,0.05253,0.05514,12102172.0,2026-03-02 23:59:59.999,663233.94066
2026-03-03,0.05514,0.05665,0.05322,0.05587,6604459.0,2026-03-03 23:59:59.999,364472.31066
2026-03-04,0.05587,0.05727,0.05395,0.05579,7258485.0,2026-03-04 23:59:59.999,406159.87627
2026-03-05,0.05579,0.05837,0.05438,0.05653,5792294.0,2026-03-05 23:59:59.999,324922.16309
2026-03-06,0.05663,0.0618,0.0558,0.06139,14273360.0,2026-03-06 23:59:59.999,841399.63119
2026-03-07,0.0614,0.0678,0.05892,0.06271,48021941.0,2026-03-07 23:59:59.999,3080654.21351
2026-03-08,0.06272,0.06531,0.0619,0.06335,8976716.0,2026-03-08 23:59:59.999,570676.49953
2026-03-09,0.06339,0.0725,0.06323,0.06727,21654799.0,2026-03-09 23:59:59.999,1501867.471
2026-03-10,0.06725,0.06974,0.06161,0.06567,20563095.0,2026-03-10 23:59:59.999,1336580.32448
2026-03-11,0.06566,0.0667,0.06215,0.06404,8731001.0,2026-03-11 23:59:59.999,555441.62666
2026-03-12,0.06398,0.06445,0.05696,0.05707,14800456.0,2026-03-12 23:59:59.999,876170.3294
2026-03-13,0.05707,0.0592,0.0561,0.0573,7518315.0,2026-03-13 23:59:59.999,436457.09833
2026-03-14,0.05729,0.06195,0.05538,0.05851,14918494.0,2026-03-14 23:59:59.999,880889.06671
2026-03-15,0.05853,0.05936,0.05675,0.05788,4736376.0,2026-03-15 23:59:59.999,275308.01461
2026-03-16,0.05792,0.05932,0.0568,0.05785,5615186.0,2026-03-16 23:59:59.999,325870.06423
2026-03-17,0.05788,0.05997,0.05689,0.05922,7004473.0,2026-03-17 23:59:59.999,408442.76308
2026-03-18,0.05922,0.06253,0.05656,0.05732,12280841.0,2026-03-18 23:59:59.999,734314.60383
2026-03-19,0.05732,0.0575,0.05402,0.05402,6080941.0,2026-03-19 23:59:59.999,337611.66115
2026-03-20,0.05405,0.05808,0.05336,0.05644,23250391.0,2026-03-20 23:59:59.999,1296493.34495
2026-03-21,0.05636,0.07232,0.05591,0.06809,318269169.0,2026-03-21 23:59:59.999,21381095.29182
2026-03-22,0.06815,0.26833,0.0666,0.11784,2892309841.0,2026-03-22 23:59:59.999,390887766.0557
2026-03-23,0.11779,0.1518,0.08756,0.10356,1703567412.0,2026-03-23 23:59:59.999,192863535.12239
2026-03-24,0.10356,0.18,0.1015,0.16505,2298850821.0,2026-03-24 23:59:59.999,320261981.90735
2026-03-25,0.16514,0.19433,0.12911,0.15348,1710129345.0,2026-03-25 23:59:59.999,276227764.46021
2026-03-26,0.1535,0.18888,0.13887,0.15544,977959221.0,2026-03-26 23:59:59.999,164737484.94879
2026-03-27,0.15541,0.1592,0.11369,0.13037,818593519.0,2026-03-27 23:59:59.999,108284764.93672
2026-03-28,0.13038,0.14439,0.10642,0.10961,473024012.0,2026-03-28 23:59:59.999,58715521.1514
2026-03-29,0.1096,0.1552,0.10773,0.1254,490285840.0,2026-03-29 23:59:59.999,63789170.91894
2026-03-30,0.1254,0.13769,0.12117,0.12429,166192438.0,2026-03-30 23:59:59.999,21387713.38175
2026-03-31,0.12429,0.12991,0.10372,0.10413,142897544.0,2026-03-31 23:59:59.999,16511632.16506
2026-04-01,0.10411,0.119,0.09515,0.11159,163990277.0,2026-04-01 23:59:59.999,17237834.48313
2026-04-02,0.11159,0.17055,0.105,0.14593,495594040.0,2026-04-02 23:59:59.999,69420073.32599
2026-04-03,0.14592,0.1746,0.136,0.15825,400107831.0,2026-04-03 23:59:59.999,61445897.03984
2026-04-04,0.15825,0.18379,0.1552,0.16656,231106164.0,2026-04-04 23:59:59.999,39610566.67079
2026-04-05,0.16666,0.19457,0.122,0.12751,351101958.0,2026-04-05 23:59:59.999,53794873.51725
2026-04-06,0.12752,0.14235,0.12365,0.1325,137560539.0,2026-04-06 23:59:59.999,18077078.91456
2026-04-07,0.13248,0.15379,0.12628,0.14654,125503901.0,2026-04-07 23:59:59.999,17325284.89464
2026-04-08,0.14654,0.14798,0.11708,0.11738,105145654.0,2026-04-08 23:59:59.999,13366239.09747
2026-04-09,0.11738,0.12138,0.1083,0.10954,79133640.0,2026-04-09 23:59:59.999,9055689.6591
2026-04-10,0.10953,0.12247,0.1072,0.1135,73473937.0,2026-04-10 23:59:59.999,8411427.62362
2026-04-11,0.11352,0.11376,0.1042,0.10893,47519228.0,2026-04-11 23:59:59.999,5147071.86473
2026-04-12,0.10893,0.12758,0.10865,0.12729,85311751.0,2026-04-12 23:59:59.999,10226841.03963
2026-04-13,0.12723,0.1343,0.11555,0.12032,59659375.0,2026-04-13 23:59:59.999,7448699.48678
2026-04-14,0.12039,0.18502,0.11796,0.17634,242012500.0,2026-04-14 23:59:59.999,39213774.23003
2026-04-15,0.17635,0.25973,0.15601,0.23774,695831007.0,2026-04-15 23:59:59.999,139569689.69312
2026-04-16,0.23774,0.24299,0.14444,0.14882,246143128.0,2026-04-16 23:59:59.999,44942709.53868
2026-04-17,0.14882,0.15229,0.10311,0.11337,228606256.0,2026-04-17 23:59:59.999,27142004.62866
2026-04-18,0.11339,0.12398,0.09673,0.10278,104092876.0,2026-04-18 23:59:59.999,11613273.91592
2026-04-19,0.10278,0.11221,0.09374,0.09874,61321566.0,2026-04-19 23:59:59.999,6349822.75812
2026-04-20,0.09869,0.10868,0.09636,0.10045,42031861.0,2026-04-20 23:59:59.999,4260787.98502
2026-04-21,0.1005,0.11133,0.09756,0.1058,55407646.0,2026-04-21 23:59:59.999,5805921.39441
2026-04-22,0.1058,0.1155,0.10524,0.10786,57265373.0,2026-04-22 23:59:59.999,6333823.07436
2026-04-23,0.10783,0.11243,0.10191,0.10912,27479062.0,2026-04-23 23:59:59.999,2950025.4322
2026-04-24,0.10916,0.10932,0.10372,0.10489,22319345.0,2026-04-24 23:59:59.999,2366160.27366
2026-04-25,0.10482,0.12161,0.10465,0.11171,39995054.0,2026-04-25 23:59:59.999,4520979.95703
2026-04-26,0.11181,0.11698,0.1052,0.11118,23335057.0,2026-04-26 23:59:59.999,2579987.94501
2026-04-27,0.1112,0.11879,0.1094,0.11066,23105578.0,2026-04-27 23:59:59.999,2623083.99423
2026-04-28,0.11064,0.11078,0.10036,0.10136,15528118.0,2026-04-28 23:59:59.999,1641956.07288
2026-04-29,0.10132,0.10435,0.08448,0.08753,40719241.0,2026-04-29 23:59:59.999,3744357.62041
2026-04-30,0.0875,0.18358,0.08568,0.16575,1451111043.0,2026-04-30 23:59:59.999,218583435.37494
2026-05-01,0.16582,0.208,0.14344,0.1741,2040795250.0,2026-05-01 23:59:59.999,363129296.34289
2026-05-02,0.17408,0.18304,0.15645,0.16932,221690240.0,2026-05-02 23:59:59.999,37792921.5953
2026-05-03,0.16936,0.23232,0.15231,0.19123,343272049.0,2026-05-03 23:59:59.999,67079772.43099
2026-05-04,0.19131,0.21667,0.19018,0.20994,94414380.0,2026-05-04 23:59:59.999,19138519.60965
2026-05-05,0.20994,0.21771,0.17121,0.17882,125640158.0,2026-05-05 23:59:59.999,24600012.81054
2026-05-06,0.17883,0.18311,0.15725,0.16136,79968244.0,2026-05-06 23:59:59.999,13366789.46114
2026-05-07,0.16136,0.17345,0.15456,0.16202,28129592.0,2026-05-07 23:59:59.999,4572950.00789
2026-05-08,0.16206,0.17099,0.14549,0.15241,39502115.0,2026-05-08 23:59:59.999,6261576.71807
2026-05-09,0.15243,0.15834,0.15001,0.152,20069446.0,2026-05-09 23:59:59.999,3091288.04735
2026-05-10,0.15198,0.157,0.14529,0.15053,18500966.0,2026-05-10 23:59:59.999,2785110.72895
2026-05-11,0.15056,0.1548,0.13593,0.14188,44690935.0,2026-05-11 23:59:59.999,6455245.80788
2026-05-12,0.14184,0.1478,0.13721,0.14053,16258326.0,2026-05-12 23:59:59.999,2299496.03084
2026-05-13,0.14048,0.163,0.13251,0.14124,47046870.0,2026-05-13 23:59:59.999,6907026.47958
2026-05-14,0.14122,0.14253,0.13229,0.13351,15865912.0,2026-05-14 23:59:59.999,2175680.02359
2026-05-15,0.13351,0.14121,0.13139,0.13617,21986926.0,2026-05-15 23:59:59.999,2979528.2039
2026-05-16,0.13611,0.13811,0.12934,0.13162,13048126.0,2026-05-16 23:59:59.999,1741183.656
2026-05-17,0.13162,0.13276,0.12434,0.12774,9027385.0,2026-05-17 23:59:59.999,1164196.84485
2026-05-18,0.1277,0.1319,0.12366,0.12653,11849566.0,2026-05-18 23:59:59.999,1521701.86612
2026-05-19,0.12654,0.13572,0.12402,0.12979,12128521.0,2026-05-19 23:59:59.999,1573210.70386
2026-05-20,0.12987,0.13165,0.11701,0.1263,20860070.0,2026-05-20 23:59:59.999,2605509.1753
2026-05-21,0.12632,0.13002,0.12197,0.12698,10268595.0,2026-05-21 23:59:59.999,1293407.58813
2026-05-22,0.12696,0.14297,0.12173,0.12234,29108218.0,2026-05-22 23:59:59.999,3867485.27727
2026-05-23,0.12232,0.12529,0.11525,0.12315,11758922.0,2026-05-23 23:59:59.999,1427270.16766
2026-05-24,0.12308,0.12411,0.118,0.11926,7320805.0,2026-05-24 23:59:59.999,887215.37989
2026-05-25,0.1193,0.12749,0.11898,0.12191,11710460.0,2026-05-25 23:59:59.999,1451674.30795
2026-05-26,0.12183,0.13298,0.11912,0.12465,16212776.0,2026-05-26 23:59:59.999,2049566.0532
2026-05-27,0.1246,0.13715,0.12216,0.13135,21009039.0,2026-05-27 23:59:59.999,2731618.13896
2026-05-28,0.13138,0.13724,0.11273,0.11674,30439772.0,2026-05-28 23:59:59.999,3800640.56116
